text_type,classifier,classifier_name,use_hash,stopwords,analyzer_type,accuracy,training_time,precision,recall,f1
raw,SVM-Linear,Support Vector Machine (linear),False,Custom,stemmer,0.9865470852017937,11.341853141784668,0.9866710585554077,0.9865470852017937,0.9865123462432706
raw,SVM-Linear,Support Vector Machine (linear),True,Custom,stemmer,0.9775784753363229,8.919419765472412,0.9782923034684726,0.9775784753363229,0.9776088504165091
raw,SVM-Linear,Support Vector Machine (linear),False,Custom,lemmatizer,0.9820627802690582,11.075888872146606,0.9823807582551977,0.9820627802690582,0.9820782683128048
raw,SVM-Linear,Support Vector Machine (linear),True,Custom,lemmatizer,0.9775784753363229,7.925401210784912,0.9782923034684726,0.9775784753363229,0.9776088504165091
raw,SVM-Linear,Support Vector Machine (linear),False,Spacy,stemmer,0.9865470852017937,10.550987005233765,0.9866710585554077,0.9865470852017937,0.9865123462432706
raw,SVM-Linear,Support Vector Machine (linear),True,Spacy,stemmer,0.9775784753363229,8.156214952468872,0.9782923034684726,0.9775784753363229,0.9776088504165091
raw,SVM-Linear,Support Vector Machine (linear),False,Spacy,lemmatizer,0.9820627802690582,10.35434079170227,0.9823807582551977,0.9820627802690582,0.9820782683128048
raw,SVM-Linear,Support Vector Machine (linear),True,Spacy,lemmatizer,0.9775784753363229,7.365206003189087,0.9782923034684726,0.9775784753363229,0.9776088504165091
raw,SVM-Linear,Support Vector Machine (linear),False,Builtin,stemmer,0.9865470852017937,10.745331048965454,0.9866710585554077,0.9865470852017937,0.9865123462432706
raw,SVM-Linear,Support Vector Machine (linear),True,Builtin,stemmer,0.9730941704035875,8.176567077636719,0.9739295089139233,0.9730941704035875,0.9730472402943607
raw,SVM-Linear,Support Vector Machine (linear),False,Builtin,lemmatizer,0.9820627802690582,10.545322179794312,0.9823807582551977,0.9820627802690582,0.9820782683128048
raw,SVM-Linear,Support Vector Machine (linear),True,Builtin,lemmatizer,0.9775784753363229,7.417120933532715,0.9782923034684726,0.9775784753363229,0.9776088504165091
raw,SVM-Linear,Support Vector Machine (linear),False,NoStopwords,stemmer,0.9820627802690582,14.783720254898071,0.9823967847904975,0.9820627802690582,0.9819931755982518
raw,SVM-Linear,Support Vector Machine (linear),True,NoStopwords,stemmer,0.9551569506726457,12.495421171188354,0.956332139915209,0.9551569506726457,0.955116155250411
raw,SVM-Linear,Support Vector Machine (linear),False,NoStopwords,lemmatizer,0.9775784753363229,14.078582048416138,0.9782301832269802,0.9775784753363229,0.9775614441987126
raw,SVM-Linear,Support Vector Machine (linear),True,NoStopwords,lemmatizer,0.9461883408071748,11.436774969100952,0.9477122753290312,0.9461883408071748,0.9462285335693923
raw,SVM-RBF,Support Vector Machine (rbf),False,Custom,stemmer,0.9775784753363229,19.061062812805176,0.9777870476587757,0.9775784753363229,0.9776354105998835
raw,SVM-RBF,Support Vector Machine (rbf),True,Custom,stemmer,0.9730941704035875,15.353057146072388,0.9738079985357372,0.9730941704035875,0.9731176261499441
raw,SVM-RBF,Support Vector Machine (rbf),False,Custom,lemmatizer,0.9820627802690582,18.590670108795166,0.9823807582551977,0.9820627802690582,0.9820782683128048
raw,SVM-RBF,Support Vector Machine (rbf),True,Custom,lemmatizer,0.9730941704035875,14.993494987487793,0.9740267451178218,0.9730941704035875,0.9731784693045137
raw,SVM-RBF,Support Vector Machine (rbf),False,Spacy,stemmer,0.9775784753363229,17.428564071655273,0.9777870476587757,0.9775784753363229,0.9776354105998835
raw,SVM-RBF,Support Vector Machine (rbf),True,Spacy,stemmer,0.9775784753363229,14.114226818084717,0.9782923034684726,0.9775784753363229,0.9776088504165091
raw,SVM-RBF,Support Vector Machine (rbf),False,Spacy,lemmatizer,0.9820627802690582,17.067702054977417,0.9823807582551977,0.9820627802690582,0.9820782683128048
raw,SVM-RBF,Support Vector Machine (rbf),True,Spacy,lemmatizer,0.9775784753363229,13.991300821304321,0.9782923034684726,0.9775784753363229,0.9776088504165091
raw,SVM-RBF,Support Vector Machine (rbf),False,Builtin,stemmer,0.9775784753363229,17.49349308013916,0.9777870476587757,0.9775784753363229,0.9776354105998835
raw,SVM-RBF,Support Vector Machine (rbf),True,Builtin,stemmer,0.9775784753363229,14.093336820602417,0.9782923034684726,0.9775784753363229,0.9776088504165091
raw,SVM-RBF,Support Vector Machine (rbf),False,Builtin,lemmatizer,0.9820627802690582,16.949133157730103,0.9823807582551977,0.9820627802690582,0.9820782683128048
raw,SVM-RBF,Support Vector Machine (rbf),True,Builtin,lemmatizer,0.9775784753363229,13.885909080505371,0.9782923034684726,0.9775784753363229,0.9776088504165091
raw,SVM-RBF,Support Vector Machine (rbf),False,NoStopwords,stemmer,0.9775784753363229,24.293041944503784,0.978115199904547,0.9775784753363229,0.9776478872008093
raw,SVM-RBF,Support Vector Machine (rbf),True,NoStopwords,stemmer,0.9596412556053812,14.60540223121643,0.9604135210432061,0.9596412556053812,0.959686754080118
raw,SVM-RBF,Support Vector Machine (rbf),False,NoStopwords,lemmatizer,0.9820627802690582,23.485812187194824,0.9823858130123694,0.9820627802690582,0.9821208828247383
raw,SVM-RBF,Support Vector Machine (rbf),True,NoStopwords,lemmatizer,0.9551569506726457,13.562826871871948,0.9560061379854893,0.9551569506726457,0.9551857737516969
raw,SVM-Poly,Support Vector Machine (poly),False,Custom,stemmer,0.8295964125560538,19.779409885406494,0.889360956329397,0.8295964125560538,0.8319457967660052
raw,SVM-Poly,Support Vector Machine (poly),True,Custom,stemmer,0.9192825112107623,19.519948959350586,0.9297712689427752,0.9192825112107623,0.9189414395168554
raw,SVM-Poly,Support Vector Machine (poly),False,Custom,lemmatizer,0.7937219730941704,19.072160959243774,0.87721290421254,0.7937219730941704,0.7949436525481698
raw,SVM-Poly,Support Vector Machine (poly),True,Custom,lemmatizer,0.8968609865470852,18.593032836914062,0.9104946453432006,0.8968609865470852,0.8961730890215974
raw,SVM-Poly,Support Vector Machine (poly),False,Spacy,stemmer,0.8251121076233184,18.2351131439209,0.883004741442449,0.8251121076233184,0.8264107238174708
raw,SVM-Poly,Support Vector Machine (poly),True,Spacy,stemmer,0.9147982062780269,17.743025064468384,0.9267477423487838,0.9147982062780269,0.9144309384573059
raw,SVM-Poly,Support Vector Machine (poly),False,Spacy,lemmatizer,0.7937219730941704,17.458542108535767,0.872129365402908,0.7937219730941704,0.7930630386931476
raw,SVM-Poly,Support Vector Machine (poly),True,Spacy,lemmatizer,0.8923766816143498,16.95945405960083,0.9073703345294094,0.8923766816143498,0.8914261416846487
raw,SVM-Poly,Support Vector Machine (poly),False,Builtin,stemmer,0.8295964125560538,18.12709903717041,0.8848356062618339,0.8295964125560538,0.8303441505444117
raw,SVM-Poly,Support Vector Machine (poly),True,Builtin,stemmer,0.9103139013452914,17.77595329284668,0.9238202007260303,0.9103139013452914,0.9098800477578002
raw,SVM-Poly,Support Vector Machine (poly),False,Builtin,lemmatizer,0.7892376681614349,17.463675022125244,0.8732174543248826,0.7892376681614349,0.7874222711989161
raw,SVM-Poly,Support Vector Machine (poly),True,Builtin,lemmatizer,0.8923766816143498,17.047715187072754,0.9073703345294094,0.8923766816143498,0.8914261416846487
raw,SVM-Poly,Support Vector Machine (poly),False,NoStopwords,stemmer,0.9237668161434978,25.499309062957764,0.9343480822628276,0.9237668161434978,0.9253098614371121
raw,SVM-Poly,Support Vector Machine (poly),True,NoStopwords,stemmer,0.9596412556053812,15.265346765518188,0.9604135210432061,0.9596412556053812,0.959686754080118
raw,SVM-Poly,Support Vector Machine (poly),False,NoStopwords,lemmatizer,0.9147982062780269,24.483917951583862,0.9301621248706451,0.9147982062780269,0.9170202500363174
raw,SVM-Poly,Support Vector Machine (poly),True,NoStopwords,lemmatizer,0.9506726457399103,14.037063121795654,0.9514857339969448,0.9506726457399103,0.9506876394376726
raw,RF,Random Forest Classifier,False,Custom,stemmer,0.968609865470852,2.342803955078125,0.9702178738053178,0.968609865470852,0.9688835555568222
raw,RF,Random Forest Classifier,True,Custom,stemmer,0.9551569506726457,3.3160393238067627,0.95750737468445,0.9551569506726457,0.955304694034208
raw,RF,Random Forest Classifier,False,Custom,lemmatizer,0.968609865470852,1.0478298664093018,0.9709951340520943,0.968609865470852,0.9689844938477041
raw,RF,Random Forest Classifier,True,Custom,lemmatizer,0.9417040358744395,1.9072000980377197,0.9421534426314865,0.9417040358744395,0.9416968694997577
raw,RF,Random Forest Classifier,False,Spacy,stemmer,0.9596412556053812,2.288541793823242,0.9614217372064906,0.9596412556053812,0.9596356689344508
raw,RF,Random Forest Classifier,True,Spacy,stemmer,0.9417040358744395,3.327407121658325,0.9446518379509969,0.9417040358744395,0.9421362118590495
raw,RF,Random Forest Classifier,False,Spacy,lemmatizer,0.9641255605381166,1.124014139175415,0.9657025519535039,0.9641255605381166,0.9640641579585074
raw,RF,Random Forest Classifier,True,Spacy,lemmatizer,0.9596412556053812,2.0323691368103027,0.9620435618193466,0.9596412556053812,0.9599945921701969
raw,RF,Random Forest Classifier,False,Builtin,stemmer,0.9641255605381166,2.309130907058716,0.9654632816918343,0.9641255605381166,0.9642460453355072
raw,RF,Random Forest Classifier,True,Builtin,stemmer,0.9372197309417041,3.34961199760437,0.9382448079038316,0.9372197309417041,0.9373625990884034
raw,RF,Random Forest Classifier,False,Builtin,lemmatizer,0.9596412556053812,1.1128978729248047,0.96253418134882,0.9596412556053812,0.9597024565864083
raw,RF,Random Forest Classifier,True,Builtin,lemmatizer,0.9551569506726457,1.992326021194458,0.9573232408375197,0.9551569506726457,0.9553913423793143
raw,RF,Random Forest Classifier,False,NoStopwords,stemmer,0.968609865470852,3.1206209659576416,0.9696063776781266,0.968609865470852,0.9687837832647123
raw,RF,Random Forest Classifier,True,NoStopwords,stemmer,0.9327354260089686,4.03249979019165,0.9346321092957864,0.9327354260089686,0.9325862263378767
raw,RF,Random Forest Classifier,False,NoStopwords,lemmatizer,0.9551569506726457,1.35825777053833,0.9580192729701366,0.9551569506726457,0.9556546555508616
raw,RF,Random Forest Classifier,True,NoStopwords,lemmatizer,0.9372197309417041,2.1489100456237793,0.9386617314367621,0.9372197309417041,0.9371853669049628
raw,NB,Naive Bayes,False,Custom,stemmer,0.9506726457399103,2.2994139194488525,0.9547145917721246,0.9506726457399103,0.9508869910238114
raw,NB,Naive Bayes,True,Custom,stemmer,0.9417040358744395,2.2915680408477783,0.9437171429489671,0.9417040358744395,0.9417411331687174
raw,NB,Naive Bayes,False,Custom,lemmatizer,0.9596412556053812,0.9283759593963623,0.9621721787192752,0.9596412556053812,0.9598231500712339
raw,NB,Naive Bayes,True,Custom,lemmatizer,0.9461883408071748,0.8855650424957275,0.9483641293527622,0.9461883408071748,0.9461963442838162
raw,NB,Naive Bayes,False,Spacy,stemmer,0.9506726457399103,2.2089250087738037,0.9547145917721246,0.9506726457399103,0.9508869910238114
raw,NB,Naive Bayes,True,Spacy,stemmer,0.9506726457399103,2.223259925842285,0.9519572082735158,0.9506726457399103,0.9506872121069686
raw,NB,Naive Bayes,False,Spacy,lemmatizer,0.9596412556053812,0.9942529201507568,0.9621721787192752,0.9596412556053812,0.9598231500712339
raw,NB,Naive Bayes,True,Spacy,lemmatizer,0.9506726457399103,0.982266902923584,0.9524832417209099,0.9506726457399103,0.9508547279774932
raw,NB,Naive Bayes,False,Builtin,stemmer,0.9506726457399103,2.215308904647827,0.9547145917721246,0.9506726457399103,0.9508869910238114
raw,NB,Naive Bayes,True,Builtin,stemmer,0.9461883408071748,2.257128953933716,0.9476453766074241,0.9461883408071748,0.9459851418746453
raw,NB,Naive Bayes,False,Builtin,lemmatizer,0.9596412556053812,0.995009183883667,0.9621721787192752,0.9596412556053812,0.9598231500712339
raw,NB,Naive Bayes,True,Builtin,lemmatizer,0.9461883408071748,0.948030948638916,0.9479989367881746,0.9461883408071748,0.9461095518628979
raw,NB,Naive Bayes,False,NoStopwords,stemmer,0.9551569506726457,3.0149528980255127,0.9584120102156061,0.9551569506726457,0.955351620669704
raw,NB,Naive Bayes,True,NoStopwords,stemmer,0.905829596412556,3.039390802383423,0.9162198546908512,0.905829596412556,0.9037600605457878
raw,NB,Naive Bayes,False,NoStopwords,lemmatizer,0.9551569506726457,1.246541976928711,0.9583733863610907,0.9551569506726457,0.9553648733593044
raw,NB,Naive Bayes,True,NoStopwords,lemmatizer,0.9103139013452914,1.1873011589050293,0.9190687451974866,0.9103139013452914,0.9079554488409639
raw,DT,Decision Tree Classifier,False,Custom,stemmer,0.6098654708520179,2.342005968093872,0.8014724825487641,0.6098654708520179,0.6229269916787649
raw,DT,Decision Tree Classifier,True,Custom,stemmer,0.6098654708520179,2.4083099365234375,0.8014724825487641,0.6098654708520179,0.6229269916787649
raw,DT,Decision Tree Classifier,False,Custom,lemmatizer,0.6143497757847534,1.0058789253234863,0.7829508168196235,0.6143497757847534,0.6335403269296334
raw,DT,Decision Tree Classifier,True,Custom,lemmatizer,0.6098654708520179,1.0414791107177734,0.7816172327600073,0.6098654708520179,0.6287212385019312
raw,DT,Decision Tree Classifier,False,Spacy,stemmer,0.6143497757847534,2.300153970718384,0.7751231708160581,0.6143497757847534,0.6304782553180814
raw,DT,Decision Tree Classifier,True,Spacy,stemmer,0.6098654708520179,2.353381872177124,0.809121802640238,0.6098654708520179,0.6242075159983664
raw,DT,Decision Tree Classifier,False,Spacy,lemmatizer,0.6053811659192825,1.0709521770477295,0.7720662456305447,0.6053811659192825,0.6225410682503542
raw,DT,Decision Tree Classifier,True,Spacy,lemmatizer,0.6143497757847534,1.1528937816619873,0.7885220155652675,0.6143497757847534,0.6339190613891696
raw,DT,Decision Tree Classifier,False,Builtin,stemmer,0.6098654708520179,2.282135009765625,0.8014724825487641,0.6098654708520179,0.6229269916787649
raw,DT,Decision Tree Classifier,True,Builtin,stemmer,0.6098654708520179,2.3532919883728027,0.809121802640238,0.6098654708520179,0.6242075159983664
raw,DT,Decision Tree Classifier,False,Builtin,lemmatizer,0.6053811659192825,1.0551259517669678,0.7720662456305447,0.6053811659192825,0.6225410682503542
raw,DT,Decision Tree Classifier,True,Builtin,lemmatizer,0.6143497757847534,1.0831117630004883,0.7885220155652675,0.6143497757847534,0.6339190613891696
raw,DT,Decision Tree Classifier,False,NoStopwords,stemmer,0.6098654708520179,3.123103141784668,0.8014724825487641,0.6098654708520179,0.6229269916787649
raw,DT,Decision Tree Classifier,True,NoStopwords,stemmer,0.6098654708520179,3.186413049697876,0.8014724825487641,0.6098654708520179,0.6229269916787649
raw,DT,Decision Tree Classifier,False,NoStopwords,lemmatizer,0.6098654708520179,1.388094186782837,0.7810230724721539,0.6098654708520179,0.6286302891554392
raw,DT,Decision Tree Classifier,True,NoStopwords,lemmatizer,0.6098654708520179,1.3707280158996582,0.7852544036319532,0.6098654708520179,0.6287685567076993
raw,LR,Logistic Regression,False,Custom,stemmer,0.9775784753363229,2.332642078399658,0.9778711572433546,0.9775784753363229,0.9775754169378109
raw,LR,Logistic Regression,True,Custom,stemmer,0.9730941704035875,2.6381568908691406,0.9739013452914799,0.9730941704035875,0.9731415105977975
raw,LR,Logistic Regression,False,Custom,lemmatizer,0.9730941704035875,1.0055439472198486,0.9733224622910722,0.9730941704035875,0.973065259388594
raw,LR,Logistic Regression,True,Custom,lemmatizer,0.9730941704035875,1.1022288799285889,0.9739013452914799,0.9730941704035875,0.9731415105977975
raw,LR,Logistic Regression,False,Spacy,stemmer,0.9730941704035875,2.2806341648101807,0.9733224622910722,0.9730941704035875,0.973065259388594
raw,LR,Logistic Regression,True,Spacy,stemmer,0.9775784753363229,2.4028139114379883,0.977986139421117,0.9775784753363229,0.9775647534730035
raw,LR,Logistic Regression,False,Spacy,lemmatizer,0.9730941704035875,1.0942625999450684,0.9733224622910722,0.9730941704035875,0.973065259388594
raw,LR,Logistic Regression,True,Spacy,lemmatizer,0.968609865470852,1.4222989082336426,0.9700799376096705,0.968609865470852,0.9686818726715721
raw,LR,Logistic Regression,False,Builtin,stemmer,0.9730941704035875,2.27805495262146,0.9733224622910722,0.9730941704035875,0.973065259388594
raw,LR,Logistic Regression,True,Builtin,stemmer,0.9730941704035875,2.3863890171051025,0.9739013452914799,0.9730941704035875,0.9731415105977975
raw,LR,Logistic Regression,False,Builtin,lemmatizer,0.9730941704035875,1.0474810600280762,0.9733224622910722,0.9730941704035875,0.973065259388594
raw,LR,Logistic Regression,True,Builtin,lemmatizer,0.968609865470852,1.3384368419647217,0.9700799376096705,0.968609865470852,0.9686818726715721
raw,LR,Logistic Regression,False,NoStopwords,stemmer,0.968609865470852,3.439051866531372,0.9691662772314638,0.968609865470852,0.9686902400658916
raw,LR,Logistic Regression,True,NoStopwords,stemmer,0.9372197309417041,5.555390357971191,0.9394498569702828,0.9372197309417041,0.9370920460218934
raw,LR,Logistic Regression,False,NoStopwords,lemmatizer,0.968609865470852,1.8082480430603027,0.9691662772314638,0.968609865470852,0.9686902400658916
raw,LR,Logistic Regression,True,NoStopwords,lemmatizer,0.9372197309417041,3.725632905960083,0.9394498569702828,0.9372197309417041,0.9370920460218934
raw,KNN,k-Nearest Neighbors,False,Custom,stemmer,0.9282511210762332,2.2563462257385254,0.9319751523857032,0.9282511210762332,0.928744987489382
raw,KNN,k-Nearest Neighbors,True,Custom,stemmer,0.9192825112107623,2.2761640548706055,0.9258304327965464,0.9192825112107623,0.9200484758129774
raw,KNN,k-Nearest Neighbors,False,Custom,lemmatizer,0.9417040358744395,0.9281418323516846,0.9458762219416604,0.9417040358744395,0.9420809732937424
raw,KNN,k-Nearest Neighbors,True,Custom,lemmatizer,0.9237668161434978,0.8603110313415527,0.9308117102389091,0.9237668161434978,0.9245533657415327
raw,KNN,k-Nearest Neighbors,False,Spacy,stemmer,0.9327354260089686,2.2036850452423096,0.9357165651426544,0.9327354260089686,0.9332211847798859
raw,KNN,k-Nearest Neighbors,True,Spacy,stemmer,0.9103139013452914,2.2045037746429443,0.9194867538061567,0.9103139013452914,0.9107866073580196
raw,KNN,k-Nearest Neighbors,False,Spacy,lemmatizer,0.9417040358744395,1.023989200592041,0.945742527913838,0.9417040358744395,0.9420314165504874
raw,KNN,k-Nearest Neighbors,True,Spacy,lemmatizer,0.9147982062780269,0.9335708618164062,0.924958721780644,0.9147982062780269,0.9158514210886335
raw,KNN,k-Nearest Neighbors,False,Builtin,stemmer,0.9327354260089686,2.21488094329834,0.9357165651426544,0.9327354260089686,0.9332211847798859
raw,KNN,k-Nearest Neighbors,True,Builtin,stemmer,0.9103139013452914,2.1965861320495605,0.9194867538061567,0.9103139013452914,0.9107866073580196
raw,KNN,k-Nearest Neighbors,False,Builtin,lemmatizer,0.9417040358744395,0.9845619201660156,0.9458762219416604,0.9417040358744395,0.9420809732937424
raw,KNN,k-Nearest Neighbors,True,Builtin,lemmatizer,0.9147982062780269,0.9181602001190186,0.9241540915932894,0.9147982062780269,0.9156727772103994
raw,KNN,k-Nearest Neighbors,False,NoStopwords,stemmer,0.9147982062780269,3.020829916000366,0.9230102223575788,0.9147982062780269,0.9155978028137668
raw,KNN,k-Nearest Neighbors,True,NoStopwords,stemmer,0.8609865470852018,2.9989209175109863,0.8689710279375128,0.8609865470852018,0.860858560660606
raw,KNN,k-Nearest Neighbors,False,NoStopwords,lemmatizer,0.9282511210762332,1.254944086074829,0.9331679547117006,0.9282511210762332,0.9287593581095492
raw,KNN,k-Nearest Neighbors,True,NoStopwords,lemmatizer,0.8295964125560538,1.164762020111084,0.8404026333365138,0.8295964125560538,0.8291474974945261
raw,GBC,Gradient Boosting Classifier,False,Custom,stemmer,0.9730941704035875,21.79525876045227,0.9744708957866632,0.9730941704035875,0.9732074801133098
raw,GBC,Gradient Boosting Classifier,True,Custom,stemmer,0.9506726457399103,51.04524803161621,0.952579138671884,0.9506726457399103,0.9507062977594688
raw,GBC,Gradient Boosting Classifier,False,Custom,lemmatizer,0.9596412556053812,21.159759283065796,0.9620265241866235,0.9596412556053812,0.9598909959205696
raw,GBC,Gradient Boosting Classifier,True,Custom,lemmatizer,0.9641255605381166,53.45319414138794,0.9664176935553713,0.9641255605381166,0.9642860716770022
raw,GBC,Gradient Boosting Classifier,False,Spacy,stemmer,0.968609865470852,19.989327907562256,0.969846862511821,0.968609865470852,0.9687872341375913
raw,GBC,Gradient Boosting Classifier,True,Spacy,stemmer,0.9596412556053812,49.66750431060791,0.9609793606990916,0.9596412556053812,0.9597368082228942
raw,GBC,Gradient Boosting Classifier,False,Spacy,lemmatizer,0.9641255605381166,19.1337149143219,0.9651102315983127,0.9641255605381166,0.9642205706058954
raw,GBC,Gradient Boosting Classifier,True,Spacy,lemmatizer,0.968609865470852,51.58927893638611,0.9699548194627039,0.968609865470852,0.9686575870615228
raw,GBC,Gradient Boosting Classifier,False,Builtin,stemmer,0.968609865470852,20.01001286506653,0.969846862511821,0.968609865470852,0.9687872341375913
raw,GBC,Gradient Boosting Classifier,True,Builtin,stemmer,0.968609865470852,49.37952208518982,0.969846862511821,0.968609865470852,0.9687872341375913
raw,GBC,Gradient Boosting Classifier,False,Builtin,lemmatizer,0.9641255605381166,19.369999170303345,0.9648777585407275,0.9641255605381166,0.9642406364459446
raw,GBC,Gradient Boosting Classifier,True,Builtin,lemmatizer,0.968609865470852,51.48708701133728,0.9692179121327102,0.968609865470852,0.9686586254979798
raw,GBC,Gradient Boosting Classifier,False,NoStopwords,stemmer,0.9596412556053812,29.378325939178467,0.9607190622295649,0.9596412556053812,0.9598254948494627
raw,GBC,Gradient Boosting Classifier,True,NoStopwords,stemmer,0.9551569506726457,60.32711911201477,0.9567195821489773,0.9551569506726457,0.9554107113268859
raw,GBC,Gradient Boosting Classifier,False,NoStopwords,lemmatizer,0.9596412556053812,28.31474995613098,0.9612682534207199,0.9596412556053812,0.95982190358786
raw,GBC,Gradient Boosting Classifier,True,NoStopwords,lemmatizer,0.9596412556053812,61.36200714111328,0.9604976416612453,0.9596412556053812,0.9597270143081711
raw,RC,Ridge Classifier,False,Custom,stemmer,0.9820627802690582,2.3030481338500977,0.9823967847904975,0.9820627802690582,0.9819931755982518
raw,RC,Ridge Classifier,True,Custom,stemmer,0.9730941704035875,2.4689462184906006,0.9735504471889915,0.9730941704035875,0.973120362448141
raw,RC,Ridge Classifier,False,Custom,lemmatizer,0.9820627802690582,0.9659519195556641,0.9823807582551977,0.9820627802690582,0.9820782683128048
raw,RC,Ridge Classifier,True,Custom,lemmatizer,0.9730941704035875,1.103236198425293,0.9740267451178218,0.9730941704035875,0.9731784693045137
raw,RC,Ridge Classifier,False,Spacy,stemmer,0.9820627802690582,2.2490971088409424,0.9823807582551977,0.9820627802690582,0.9820782683128048
raw,RC,Ridge Classifier,True,Spacy,stemmer,0.9730941704035875,2.406172275543213,0.9735262943334692,0.9730941704035875,0.9731695455498204
raw,RC,Ridge Classifier,False,Spacy,lemmatizer,0.9820627802690582,1.0703401565551758,0.9823807582551977,0.9820627802690582,0.9820782683128048
raw,RC,Ridge Classifier,True,Spacy,lemmatizer,0.9730941704035875,1.1567678451538086,0.9740267451178218,0.9730941704035875,0.9731784693045137
raw,RC,Ridge Classifier,False,Builtin,stemmer,0.9865470852017937,2.2507870197296143,0.9866710585554077,0.9865470852017937,0.9865123462432706
raw,RC,Ridge Classifier,True,Builtin,stemmer,0.9775784753363229,2.4180572032928467,0.9777170487525088,0.9775784753363229,0.9775520938476802
raw,RC,Ridge Classifier,False,Builtin,lemmatizer,0.9820627802690582,1.0410540103912354,0.9823807582551977,0.9820627802690582,0.9820782683128048
raw,RC,Ridge Classifier,True,Builtin,lemmatizer,0.9730941704035875,1.163114070892334,0.9740267451178218,0.9730941704035875,0.9731784693045137
raw,RC,Ridge Classifier,False,NoStopwords,stemmer,0.9820627802690582,3.076770782470703,0.9825044569918905,0.9820627802690582,0.9820806148437313
raw,RC,Ridge Classifier,True,NoStopwords,stemmer,0.9730941704035875,3.292649984359741,0.9734172031468985,0.9730941704035875,0.9730855833272914
raw,RC,Ridge Classifier,False,NoStopwords,lemmatizer,0.9775784753363229,1.3827440738677979,0.978115199904547,0.9775784753363229,0.9776478872008093
raw,RC,Ridge Classifier,True,NoStopwords,lemmatizer,0.968609865470852,1.4290051460266113,0.9693917442796366,0.968609865470852,0.9686386592228036
raw,L-SVM,Linear Support Vector Machine,False,Custom,stemmer,0.9820627802690582,2.3198399543762207,0.9823967847904975,0.9820627802690582,0.9819931755982518
raw,L-SVM,Linear Support Vector Machine,True,Custom,stemmer,0.9730941704035875,2.312685012817383,0.9740267451178218,0.9730941704035875,0.9731784693045137
raw,L-SVM,Linear Support Vector Machine,False,Custom,lemmatizer,0.9730941704035875,0.9757518768310547,0.9740267451178218,0.9730941704035875,0.9731784693045137
raw,L-SVM,Linear Support Vector Machine,True,Custom,lemmatizer,0.9730941704035875,0.9154109954833984,0.9740267451178218,0.9730941704035875,0.9731784693045137
raw,L-SVM,Linear Support Vector Machine,False,Spacy,stemmer,0.9775784753363229,2.2478818893432617,0.9782923034684726,0.9775784753363229,0.9776088504165091
raw,L-SVM,Linear Support Vector Machine,True,Spacy,stemmer,0.9730941704035875,2.246738910675049,0.9740267451178218,0.9730941704035875,0.9731784693045137
raw,L-SVM,Linear Support Vector Machine,False,Spacy,lemmatizer,0.9820627802690582,1.0793111324310303,0.9823807582551977,0.9820627802690582,0.9820782683128048
raw,L-SVM,Linear Support Vector Machine,True,Spacy,lemmatizer,0.9730941704035875,0.9913499355316162,0.9740267451178218,0.9730941704035875,0.9731784693045137
raw,L-SVM,Linear Support Vector Machine,False,Builtin,stemmer,0.9820627802690582,2.259235143661499,0.9823967847904975,0.9820627802690582,0.9819931755982518
raw,L-SVM,Linear Support Vector Machine,True,Builtin,stemmer,0.9730941704035875,2.2565739154815674,0.9740267451178218,0.9730941704035875,0.9731784693045137
raw,L-SVM,Linear Support Vector Machine,False,Builtin,lemmatizer,0.9820627802690582,1.0252819061279297,0.9823807582551977,0.9820627802690582,0.9820782683128048
raw,L-SVM,Linear Support Vector Machine,True,Builtin,lemmatizer,0.9730941704035875,0.9782500267028809,0.9740267451178218,0.9730941704035875,0.9731784693045137
raw,L-SVM,Linear Support Vector Machine,False,NoStopwords,stemmer,0.9775784753363229,3.102541923522949,0.9782301832269802,0.9775784753363229,0.9775614441987126
raw,L-SVM,Linear Support Vector Machine,True,NoStopwords,stemmer,0.9730941704035875,3.0961339473724365,0.9734172031468985,0.9730941704035875,0.9730855833272914
raw,L-SVM,Linear Support Vector Machine,False,NoStopwords,lemmatizer,0.9730941704035875,1.3057751655578613,0.9740267451178218,0.9730941704035875,0.9731784693045137
raw,L-SVM,Linear Support Vector Machine,True,NoStopwords,lemmatizer,0.9641255605381166,1.2566132545471191,0.9648430493273543,0.9641255605381166,0.9641285016735867
raw,ET,Extra Trees Classifier,False,Custom,stemmer,0.33183856502242154,2.276987075805664,0.3906628231155208,0.33183856502242154,0.258039531297103
raw,ET,Extra Trees Classifier,True,Custom,stemmer,0.2645739910313901,2.2678050994873047,0.31049327354260087,0.2645739910313901,0.1583446374188252
raw,ET,Extra Trees Classifier,False,Custom,lemmatizer,0.2600896860986547,0.9404590129852295,0.5668873894639789,0.2600896860986547,0.1510087976105445
raw,ET,Extra Trees Classifier,True,Custom,lemmatizer,0.25112107623318386,0.8963088989257812,0.2695377155565277,0.25112107623318386,0.14053634900357057
raw,ET,Extra Trees Classifier,False,Spacy,stemmer,0.27802690582959644,2.250972032546997,0.2633723821723184,0.27802690582959644,0.17647252212563944
raw,ET,Extra Trees Classifier,True,Spacy,stemmer,0.26905829596412556,2.2194271087646484,0.5647274672425774,0.26905829596412556,0.16246373642348197
raw,ET,Extra Trees Classifier,False,Spacy,lemmatizer,0.31390134529147984,1.0023250579833984,0.4877133330048128,0.31390134529147984,0.23185439769664337
raw,ET,Extra Trees Classifier,True,Spacy,lemmatizer,0.3452914798206278,0.942680835723877,0.6020823289326825,0.3452914798206278,0.26782020161790493
raw,ET,Extra Trees Classifier,False,Builtin,stemmer,0.27802690582959644,2.2476279735565186,0.600303244863075,0.27802690582959644,0.1834751649435141
raw,ET,Extra Trees Classifier,True,Builtin,stemmer,0.27802690582959644,2.221203088760376,0.1855779188396653,0.27802690582959644,0.17000412071264093
raw,ET,Extra Trees Classifier,False,Builtin,lemmatizer,0.29596412556053814,0.9864039421081543,0.569115239518827,0.29596412556053814,0.2116867803857749
raw,ET,Extra Trees Classifier,True,Builtin,lemmatizer,0.26905829596412556,0.9626519680023193,0.6042268502290502,0.26905829596412556,0.16842045281266332
raw,ET,Extra Trees Classifier,False,NoStopwords,stemmer,0.30493273542600896,3.0470681190490723,0.3151602852299351,0.30493273542600896,0.2410433637826084
raw,ET,Extra Trees Classifier,True,NoStopwords,stemmer,0.2600896860986547,3.0296220779418945,0.49636724359422646,0.2600896860986547,0.1988236757207312
raw,ET,Extra Trees Classifier,False,NoStopwords,lemmatizer,0.4080717488789238,1.282674789428711,0.47815416313174164,0.4080717488789238,0.31502157415033777
raw,ET,Extra Trees Classifier,True,NoStopwords,lemmatizer,0.25112107623318386,1.1866331100463867,0.27158643726548914,0.25112107623318386,0.16336937549115976
clean,SVM-Linear,Support Vector Machine (linear),False,Custom,stemmer,0.9865470852017937,10.999191999435425,0.9866710585554077,0.9865470852017937,0.9865123462432706
clean,SVM-Linear,Support Vector Machine (linear),True,Custom,stemmer,0.9730941704035875,8.495544910430908,0.9739295089139233,0.9730941704035875,0.9730472402943607
clean,SVM-Linear,Support Vector Machine (linear),False,Custom,lemmatizer,0.9820627802690582,10.602054119110107,0.9823807582551977,0.9820627802690582,0.9820782683128048
clean,SVM-Linear,Support Vector Machine (linear),True,Custom,lemmatizer,0.9775784753363229,7.637164831161499,0.9782923034684726,0.9775784753363229,0.9776088504165091
clean,SVM-Linear,Support Vector Machine (linear),False,Spacy,stemmer,0.9865470852017937,10.313615798950195,0.9866710585554077,0.9865470852017937,0.9865123462432706
clean,SVM-Linear,Support Vector Machine (linear),True,Spacy,stemmer,0.9775784753363229,7.9567108154296875,0.9782923034684726,0.9775784753363229,0.9776088504165091
clean,SVM-Linear,Support Vector Machine (linear),False,Spacy,lemmatizer,0.9820627802690582,10.155472755432129,0.9823807582551977,0.9820627802690582,0.9820782683128048
clean,SVM-Linear,Support Vector Machine (linear),True,Spacy,lemmatizer,0.9775784753363229,7.038075923919678,0.9782923034684726,0.9775784753363229,0.9776088504165091
clean,SVM-Linear,Support Vector Machine (linear),False,Builtin,stemmer,0.9865470852017937,10.10469388961792,0.9866710585554077,0.9865470852017937,0.9865123462432706
clean,SVM-Linear,Support Vector Machine (linear),True,Builtin,stemmer,0.9730941704035875,7.867722988128662,0.9739295089139233,0.9730941704035875,0.9730472402943607
clean,SVM-Linear,Support Vector Machine (linear),False,Builtin,lemmatizer,0.9820627802690582,9.967912912368774,0.9823807582551977,0.9820627802690582,0.9820782683128048
clean,SVM-Linear,Support Vector Machine (linear),True,Builtin,lemmatizer,0.9775784753363229,7.077618837356567,0.9782923034684726,0.9775784753363229,0.9776088504165091
clean,SVM-Linear,Support Vector Machine (linear),False,NoStopwords,stemmer,0.9865470852017937,14.328125238418579,0.9866710585554077,0.9865470852017937,0.9865123462432706
clean,SVM-Linear,Support Vector Machine (linear),True,NoStopwords,stemmer,0.9596412556053812,12.47086787223816,0.9609993593850097,0.9596412556053812,0.9594961616250237
clean,SVM-Linear,Support Vector Machine (linear),False,NoStopwords,lemmatizer,0.9775784753363229,13.520893096923828,0.9782301832269802,0.9775784753363229,0.9775614441987126
clean,SVM-Linear,Support Vector Machine (linear),True,NoStopwords,lemmatizer,0.9641255605381166,10.916803121566772,0.9650224215246637,0.9641255605381166,0.9640884490490181
clean,SVM-RBF,Support Vector Machine (rbf),False,Custom,stemmer,0.9775784753363229,18.566107034683228,0.9777870476587757,0.9775784753363229,0.9776354105998835
clean,SVM-RBF,Support Vector Machine (rbf),True,Custom,stemmer,0.9775784753363229,14.956976890563965,0.9783856502242153,0.9775784753363229,0.977692505162509
clean,SVM-RBF,Support Vector Machine (rbf),False,Custom,lemmatizer,0.9820627802690582,17.892325162887573,0.9823807582551977,0.9820627802690582,0.9820782683128048
clean,SVM-RBF,Support Vector Machine (rbf),True,Custom,lemmatizer,0.9730941704035875,14.765609979629517,0.9740267451178218,0.9730941704035875,0.9731784693045137
clean,SVM-RBF,Support Vector Machine (rbf),False,Spacy,stemmer,0.9775784753363229,16.992706060409546,0.9777870476587757,0.9775784753363229,0.9776354105998835
clean,SVM-RBF,Support Vector Machine (rbf),True,Spacy,stemmer,0.9775784753363229,13.449826002120972,0.9782923034684726,0.9775784753363229,0.9776088504165091
clean,SVM-RBF,Support Vector Machine (rbf),False,Spacy,lemmatizer,0.9820627802690582,16.576212882995605,0.9823807582551977,0.9820627802690582,0.9820782683128048
clean,SVM-RBF,Support Vector Machine (rbf),True,Spacy,lemmatizer,0.9775784753363229,13.383057832717896,0.9782923034684726,0.9775784753363229,0.9776088504165091
clean,SVM-RBF,Support Vector Machine (rbf),False,Builtin,stemmer,0.9775784753363229,17.26302981376648,0.9777870476587757,0.9775784753363229,0.9776354105998835
clean,SVM-RBF,Support Vector Machine (rbf),True,Builtin,stemmer,0.9775784753363229,13.511880874633789,0.9782923034684726,0.9775784753363229,0.9776088504165091
clean,SVM-RBF,Support Vector Machine (rbf),False,Builtin,lemmatizer,0.9820627802690582,16.480519771575928,0.9823807582551977,0.9820627802690582,0.9820782683128048
clean,SVM-RBF,Support Vector Machine (rbf),True,Builtin,lemmatizer,0.9775784753363229,13.380712032318115,0.9782923034684726,0.9775784753363229,0.9776088504165091
clean,SVM-RBF,Support Vector Machine (rbf),False,NoStopwords,stemmer,0.9775784753363229,24.50304889678955,0.978115199904547,0.9775784753363229,0.9776478872008093
clean,SVM-RBF,Support Vector Machine (rbf),True,NoStopwords,stemmer,0.9596412556053812,14.336358070373535,0.9604135210432061,0.9596412556053812,0.959686754080118
clean,SVM-RBF,Support Vector Machine (rbf),False,NoStopwords,lemmatizer,0.9820627802690582,22.62042999267578,0.9823858130123694,0.9820627802690582,0.9821208828247383
clean,SVM-RBF,Support Vector Machine (rbf),True,NoStopwords,lemmatizer,0.9641255605381166,13.114413022994995,0.9650224215246637,0.9641255605381166,0.9640884490490181
clean,SVM-Poly,Support Vector Machine (poly),False,Custom,stemmer,0.8295964125560538,19.11133122444153,0.874377466884338,0.8295964125560538,0.8265318708592028
clean,SVM-Poly,Support Vector Machine (poly),True,Custom,stemmer,0.9103139013452914,18.600250005722046,0.9231653558893618,0.9103139013452914,0.9096276073172018
clean,SVM-Poly,Support Vector Machine (poly),False,Custom,lemmatizer,0.8026905829596412,18.494706869125366,0.8589288140857647,0.8026905829596412,0.796653412010581
clean,SVM-Poly,Support Vector Machine (poly),True,Custom,lemmatizer,0.9013452914798207,17.825051069259644,0.9188974951306789,0.9013452914798207,0.9014950530964914
clean,SVM-Poly,Support Vector Machine (poly),False,Spacy,stemmer,0.820627802690583,17.66928195953369,0.8673767414476303,0.820627802690583,0.8149595499350047
clean,SVM-Poly,Support Vector Machine (poly),True,Spacy,stemmer,0.9237668161434978,17.303356885910034,0.9343105582075638,0.9237668161434978,0.9238397302526833
clean,SVM-Poly,Support Vector Machine (poly),False,Spacy,lemmatizer,0.7937219730941704,17.036790132522583,0.8529885659930504,0.7937219730941704,0.7846278716862124
clean,SVM-Poly,Support Vector Machine (poly),True,Spacy,lemmatizer,0.8923766816143498,16.660516262054443,0.9138016940707523,0.8923766816143498,0.8924401694283229
clean,SVM-Poly,Support Vector Machine (poly),False,Builtin,stemmer,0.820627802690583,17.687156200408936,0.8666934341474859,0.820627802690583,0.8146978714500689
clean,SVM-Poly,Support Vector Machine (poly),True,Builtin,stemmer,0.9237668161434978,17.649035930633545,0.9334839240007218,0.9237668161434978,0.9237025542249644
clean,SVM-Poly,Support Vector Machine (poly),False,Builtin,lemmatizer,0.7937219730941704,17.01784896850586,0.8527481219958957,0.7937219730941704,0.7845306872994662
clean,SVM-Poly,Support Vector Machine (poly),True,Builtin,lemmatizer,0.8923766816143498,16.708736896514893,0.9138016940707523,0.8923766816143498,0.8924401694283229
clean,SVM-Poly,Support Vector Machine (poly),False,NoStopwords,stemmer,0.9372197309417041,25.33658790588379,0.9441186616074508,0.9372197309417041,0.9378073916050603
clean,SVM-Poly,Support Vector Machine (poly),True,NoStopwords,stemmer,0.9641255605381166,15.202601194381714,0.9648978259759415,0.9641255605381166,0.9642999097549019
clean,SVM-Poly,Support Vector Machine (poly),False,NoStopwords,lemmatizer,0.9282511210762332,24.22812581062317,0.9393551142430067,0.9282511210762332,0.9292984028458596
clean,SVM-Poly,Support Vector Machine (poly),True,NoStopwords,lemmatizer,0.9596412556053812,13.610053062438965,0.9602024400186929,0.9596412556053812,0.9596594658816382
clean,RF,Random Forest Classifier,False,Custom,stemmer,0.9641255605381166,2.357379913330078,0.9654171870941479,0.9641255605381166,0.9641878710651283
clean,RF,Random Forest Classifier,True,Custom,stemmer,0.9372197309417041,3.4621450901031494,0.9390834655751539,0.9372197309417041,0.937444199200932
clean,RF,Random Forest Classifier,False,Custom,lemmatizer,0.968609865470852,1.0501089096069336,0.9700143836195957,0.968609865470852,0.9686342077510195
clean,RF,Random Forest Classifier,True,Custom,lemmatizer,0.9551569506726457,1.9553859233856201,0.9592566600452792,0.9551569506726457,0.9559103341574702
clean,RF,Random Forest Classifier,False,Spacy,stemmer,0.9596412556053812,2.3088371753692627,0.9607968264918938,0.9596412556053812,0.9594972550425253
clean,RF,Random Forest Classifier,True,Spacy,stemmer,0.9551569506726457,3.4262430667877197,0.9567780710098387,0.9551569506726457,0.9553149308368831
clean,RF,Random Forest Classifier,False,Spacy,lemmatizer,0.9641255605381166,1.0755808353424072,0.9667695390193243,0.9641255605381166,0.9644619436766712
clean,RF,Random Forest Classifier,True,Spacy,lemmatizer,0.9641255605381166,2.061105966567993,0.9655031183344877,0.9641255605381166,0.9642102304445426
clean,RF,Random Forest Classifier,False,Builtin,stemmer,0.9596412556053812,2.353872060775757,0.9611342817620845,0.9596412556053812,0.9596002006702031
clean,RF,Random Forest Classifier,True,Builtin,stemmer,0.9461883408071748,3.4520580768585205,0.9482369757112586,0.9461883408071748,0.9459807475073204
clean,RF,Random Forest Classifier,False,Builtin,lemmatizer,0.9641255605381166,1.0949211120605469,0.9661929759377863,0.9641255605381166,0.9641059259893342
clean,RF,Random Forest Classifier,True,Builtin,lemmatizer,0.9641255605381166,2.094348907470703,0.965293720781094,0.9641255605381166,0.9640511315430493
clean,RF,Random Forest Classifier,False,NoStopwords,stemmer,0.9596412556053812,3.1500349044799805,0.9608945613429918,0.9596412556053812,0.9597389357021331
clean,RF,Random Forest Classifier,True,NoStopwords,stemmer,0.9551569506726457,4.339011907577515,0.9571050772844494,0.9551569506726457,0.9554117020402259
clean,RF,Random Forest Classifier,False,NoStopwords,lemmatizer,0.9641255605381166,1.35734224319458,0.9651795638342724,0.9641255605381166,0.9641569701186212
clean,RF,Random Forest Classifier,True,NoStopwords,lemmatizer,0.9551569506726457,2.2626149654388428,0.9575129835711701,0.9551569506726457,0.9554405232234185
clean,NB,Naive Bayes,False,Custom,stemmer,0.9551569506726457,2.311643123626709,0.9587630792227205,0.9551569506726457,0.955465427407879
clean,NB,Naive Bayes,True,Custom,stemmer,0.9461883408071748,2.3334269523620605,0.9479989367881746,0.9461883408071748,0.9461095518628979
clean,NB,Naive Bayes,False,Custom,lemmatizer,0.9641255605381166,0.9761109352111816,0.9660908226049831,0.9641255605381166,0.9642920855993932
clean,NB,Naive Bayes,True,Custom,lemmatizer,0.9461883408071748,0.9241158962249756,0.9483641293527622,0.9461883408071748,0.9461963442838162
clean,NB,Naive Bayes,False,Spacy,stemmer,0.9551569506726457,2.2258050441741943,0.9584747602757935,0.9551569506726457,0.955358520425341
clean,NB,Naive Bayes,True,Spacy,stemmer,0.9506726457399103,2.2725369930267334,0.9524832417209099,0.9506726457399103,0.9508547279774932
clean,NB,Naive Bayes,False,Spacy,lemmatizer,0.9641255605381166,0.9734680652618408,0.9660908226049831,0.9641255605381166,0.9642920855993932
clean,NB,Naive Bayes,True,Spacy,lemmatizer,0.9506726457399103,0.9350330829620361,0.9527226137091608,0.9506726457399103,0.9508803543726521
clean,NB,Naive Bayes,False,Builtin,stemmer,0.9551569506726457,2.1922099590301514,0.9584747602757935,0.9551569506726457,0.955358520425341
clean,NB,Naive Bayes,True,Builtin,stemmer,0.9461883408071748,2.2242989540100098,0.9476453766074241,0.9461883408071748,0.9459851418746453
clean,NB,Naive Bayes,False,Builtin,lemmatizer,0.9641255605381166,0.959604024887085,0.9660908226049831,0.9641255605381166,0.9642920855993932
clean,NB,Naive Bayes,True,Builtin,lemmatizer,0.9506726457399103,0.9517810344696045,0.9527226137091608,0.9506726457399103,0.9508803543726521
clean,NB,Naive Bayes,False,NoStopwords,stemmer,0.9551569506726457,3.0887091159820557,0.9583733863610907,0.9551569506726457,0.9553648733593044
clean,NB,Naive Bayes,True,NoStopwords,stemmer,0.9103139013452914,3.0548338890075684,0.9216309848596843,0.9103139013452914,0.9074108897805327
clean,NB,Naive Bayes,False,NoStopwords,lemmatizer,0.9551569506726457,1.2347311973571777,0.9583733863610907,0.9551569506726457,0.9553648733593044
clean,NB,Naive Bayes,True,NoStopwords,lemmatizer,0.9147982062780269,1.1590428352355957,0.9230403378385442,0.9147982062780269,0.9123285069974643
clean,DT,Decision Tree Classifier,False,Custom,stemmer,0.5919282511210763,2.328115224838257,0.7675232838909969,0.5919282511210763,0.6006285663541491
clean,DT,Decision Tree Classifier,True,Custom,stemmer,0.5964125560538116,2.4091739654541016,0.7645966038054799,0.5964125560538116,0.6051076725964618
clean,DT,Decision Tree Classifier,False,Custom,lemmatizer,0.6053811659192825,1.0127339363098145,0.7846836653109465,0.6053811659192825,0.6168536242554046
clean,DT,Decision Tree Classifier,True,Custom,lemmatizer,0.5919282511210763,1.0294451713562012,0.7561479133525002,0.5919282511210763,0.5993477374643293
clean,DT,Decision Tree Classifier,False,Spacy,stemmer,0.600896860986547,2.4422872066497803,0.7822844459108838,0.600896860986547,0.6121568115335626
clean,DT,Decision Tree Classifier,True,Spacy,stemmer,0.6143497757847534,2.4311938285827637,0.7960107157416575,0.6143497757847534,0.6343543360948545
clean,DT,Decision Tree Classifier,False,Spacy,lemmatizer,0.600896860986547,1.2009336948394775,0.7754086779339899,0.600896860986547,0.6104412179748503
clean,DT,Decision Tree Classifier,True,Spacy,lemmatizer,0.6053811659192825,1.228470802307129,0.814111261872456,0.6053811659192825,0.6207674562191018
clean,DT,Decision Tree Classifier,False,Builtin,stemmer,0.600896860986547,2.3077011108398438,0.7822844459108838,0.600896860986547,0.6121568115335626
clean,DT,Decision Tree Classifier,True,Builtin,stemmer,0.6098654708520179,2.423072099685669,0.7945093746689735,0.6098654708520179,0.6295468668648494
clean,DT,Decision Tree Classifier,False,Builtin,lemmatizer,0.600896860986547,1.0351407527923584,0.7754086779339899,0.600896860986547,0.6104412179748503
clean,DT,Decision Tree Classifier,True,Builtin,lemmatizer,0.6053811659192825,1.0849361419677734,0.785888303592013,0.6053811659192825,0.6162933418538801
clean,DT,Decision Tree Classifier,False,NoStopwords,stemmer,0.5919282511210763,3.1665709018707275,0.7598907974911729,0.5919282511210763,0.5993684342563267
clean,DT,Decision Tree Classifier,True,NoStopwords,stemmer,0.5829596412556054,3.2135889530181885,0.7550333827333794,0.5829596412556054,0.5897640514734994
clean,DT,Decision Tree Classifier,False,NoStopwords,lemmatizer,0.5964125560538116,1.417842149734497,0.7676208850418882,0.5964125560538116,0.6051328558998728
clean,DT,Decision Tree Classifier,True,NoStopwords,lemmatizer,0.5829596412556054,1.4452242851257324,0.7522145772239908,0.5829596412556054,0.5895022106924516
clean,LR,Logistic Regression,False,Custom,stemmer,0.9820627802690582,2.353452682495117,0.9823807582551977,0.9820627802690582,0.9820782683128048
clean,LR,Logistic Regression,True,Custom,stemmer,0.9820627802690582,2.686892032623291,0.98249013154624,0.9820627802690582,0.9820768303442516
clean,LR,Logistic Regression,False,Custom,lemmatizer,0.9820627802690582,1.0355548858642578,0.9823807582551977,0.9820627802690582,0.9820782683128048
clean,LR,Logistic Regression,True,Custom,lemmatizer,0.9775784753363229,1.63639497756958,0.9783856502242153,0.9775784753363229,0.977692505162509
clean,LR,Logistic Regression,False,Spacy,stemmer,0.9730941704035875,2.30197811126709,0.9734464704482434,0.9730941704035875,0.9731748029895161
clean,LR,Logistic Regression,True,Spacy,stemmer,0.9820627802690582,3.0355920791625977,0.9824704443538524,0.9820627802690582,0.9821157480377151
clean,LR,Logistic Regression,False,Spacy,lemmatizer,0.9775784753363229,1.0740010738372803,0.9780218531488043,0.9775784753363229,0.9775642324548094
clean,LR,Logistic Regression,True,Spacy,lemmatizer,0.9775784753363229,1.647170066833496,0.9783856502242153,0.9775784753363229,0.977692505162509
clean,LR,Logistic Regression,False,Builtin,stemmer,0.9730941704035875,2.3039679527282715,0.9734464704482434,0.9730941704035875,0.9731748029895161
clean,LR,Logistic Regression,True,Builtin,stemmer,0.9775784753363229,2.577080011367798,0.9783856502242153,0.9775784753363229,0.977692505162509
clean,LR,Logistic Regression,False,Builtin,lemmatizer,0.9730941704035875,1.0980868339538574,0.9733224622910722,0.9730941704035875,0.973065259388594
clean,LR,Logistic Regression,True,Builtin,lemmatizer,0.9775784753363229,1.1386630535125732,0.9783856502242153,0.9775784753363229,0.977692505162509
clean,LR,Logistic Regression,False,NoStopwords,stemmer,0.9730941704035875,3.555706024169922,0.9735018344883816,0.9730941704035875,0.9731471381722442
clean,LR,Logistic Regression,True,NoStopwords,stemmer,0.9461883408071748,5.574826002120972,0.9480907732028809,0.9461883408071748,0.9461013200260654
clean,LR,Logistic Regression,False,NoStopwords,lemmatizer,0.9730941704035875,1.7441210746765137,0.9735018344883816,0.9730941704035875,0.9731471381722442
clean,LR,Logistic Regression,True,NoStopwords,lemmatizer,0.9372197309417041,3.9664971828460693,0.9391319062526441,0.9372197309417041,0.9371150004814912
clean,KNN,k-Nearest Neighbors,False,Custom,stemmer,0.9327354260089686,2.270163059234619,0.9383418913878795,0.9327354260089686,0.9332632025975721
clean,KNN,k-Nearest Neighbors,True,Custom,stemmer,0.9282511210762332,2.226846933364868,0.9337717697361559,0.9282511210762332,0.9288876909493906
clean,KNN,k-Nearest Neighbors,False,Custom,lemmatizer,0.9417040358744395,0.8929200172424316,0.9455701124737345,0.9417040358744395,0.9421704754635036
clean,KNN,k-Nearest Neighbors,True,Custom,lemmatizer,0.9237668161434978,0.8287990093231201,0.9308117102389091,0.9237668161434978,0.9245533657415327
clean,KNN,k-Nearest Neighbors,False,Spacy,stemmer,0.9327354260089686,2.210601806640625,0.9383418913878795,0.9327354260089686,0.9332632025975721
clean,KNN,k-Nearest Neighbors,True,Spacy,stemmer,0.9237668161434978,2.176025867462158,0.931111903791276,0.9237668161434978,0.9242443232987199
clean,KNN,k-Nearest Neighbors,False,Spacy,lemmatizer,0.9461883408071748,1.0126798152923584,0.9493362653136177,0.9461883408071748,0.9465910809744502
clean,KNN,k-Nearest Neighbors,True,Spacy,lemmatizer,0.9103139013452914,0.9232912063598633,0.9212838760993325,0.9103139013452914,0.9112326731256951
clean,KNN,k-Nearest Neighbors,False,Builtin,stemmer,0.9327354260089686,2.2323262691497803,0.9383418913878795,0.9327354260089686,0.9332632025975721
clean,KNN,k-Nearest Neighbors,True,Builtin,stemmer,0.9192825112107623,2.2351632118225098,0.9289384102910857,0.9192825112107623,0.9199231974087293
clean,KNN,k-Nearest Neighbors,False,Builtin,lemmatizer,0.9417040358744395,0.9819130897521973,0.9455701124737345,0.9417040358744395,0.9421704754635036
clean,KNN,k-Nearest Neighbors,True,Builtin,lemmatizer,0.905829596412556,0.9568569660186768,0.9161858321051147,0.905829596412556,0.9066217057822832
clean,KNN,k-Nearest Neighbors,False,NoStopwords,stemmer,0.9327354260089686,3.03603196144104,0.939039712299743,0.9327354260089686,0.9332365810661736
clean,KNN,k-Nearest Neighbors,True,NoStopwords,stemmer,0.852017937219731,2.987793207168579,0.8614421639645855,0.852017937219731,0.8521976832248789
clean,KNN,k-Nearest Neighbors,False,NoStopwords,lemmatizer,0.9282511210762332,1.2341220378875732,0.934272344929393,0.9282511210762332,0.9287993375700584
clean,KNN,k-Nearest Neighbors,True,NoStopwords,lemmatizer,0.8251121076233184,1.1537373065948486,0.8439883844179467,0.8251121076233184,0.8238746181543914
clean,GBC,Gradient Boosting Classifier,False,Custom,stemmer,0.9551569506726457,23.07512879371643,0.9574802022707757,0.9551569506726457,0.9552767274596047
clean,GBC,Gradient Boosting Classifier,True,Custom,stemmer,0.9596412556053812,59.06759977340698,0.9618655501754779,0.9596412556053812,0.9598128862382546
clean,GBC,Gradient Boosting Classifier,False,Custom,lemmatizer,0.9730941704035875,22.174756050109863,0.9740772680234563,0.9730941704035875,0.9731148954786921
clean,GBC,Gradient Boosting Classifier,True,Custom,lemmatizer,0.968609865470852,63.59117603302002,0.9700764881443376,0.968609865470852,0.9686953101770354
clean,GBC,Gradient Boosting Classifier,False,Spacy,stemmer,0.9730941704035875,20.568153858184814,0.9745142002989536,0.9730941704035875,0.9733336797262121
clean,GBC,Gradient Boosting Classifier,True,Spacy,stemmer,0.9596412556053812,52.51038074493408,0.9618655501754779,0.9596412556053812,0.9598128862382546
clean,GBC,Gradient Boosting Classifier,False,Spacy,lemmatizer,0.9730941704035875,18.887109994888306,0.9738401956787607,0.9730941704035875,0.9732063069905362
clean,GBC,Gradient Boosting Classifier,True,Spacy,lemmatizer,0.968609865470852,50.43854308128357,0.969846862511821,0.968609865470852,0.9687872341375913
clean,GBC,Gradient Boosting Classifier,False,Builtin,stemmer,0.9730941704035875,19.47693395614624,0.9738401956787607,0.9730941704035875,0.9732063069905362
clean,GBC,Gradient Boosting Classifier,True,Builtin,stemmer,0.9596412556053812,49.06785702705383,0.9618655501754779,0.9596412556053812,0.9598128862382546
clean,GBC,Gradient Boosting Classifier,False,Builtin,lemmatizer,0.9820627802690582,18.66818404197693,0.9829596412556053,0.9820627802690582,0.9821766593004798
clean,GBC,Gradient Boosting Classifier,True,Builtin,lemmatizer,0.968609865470852,50.4597692489624,0.969846862511821,0.968609865470852,0.9687872341375913
clean,GBC,Gradient Boosting Classifier,False,NoStopwords,stemmer,0.9596412556053812,28.746104955673218,0.9605572411786376,0.9596412556053812,0.9596655616136445
clean,GBC,Gradient Boosting Classifier,True,NoStopwords,stemmer,0.9641255605381166,58.327049255371094,0.9657091926261633,0.9641255605381166,0.9643530161915812
clean,GBC,Gradient Boosting Classifier,False,NoStopwords,lemmatizer,0.9641255605381166,28.02155900001526,0.9656853187755897,0.9641255605381166,0.9643002344206026
clean,GBC,Gradient Boosting Classifier,True,NoStopwords,lemmatizer,0.9730941704035875,61.99914598464966,0.9744745564437512,0.9730941704035875,0.9732467358005698
clean,RC,Ridge Classifier,False,Custom,stemmer,0.9730941704035875,2.2680282592773438,0.9735262943334692,0.9730941704035875,0.9731695455498204
clean,RC,Ridge Classifier,True,Custom,stemmer,0.968609865470852,2.528662919998169,0.9692607359828184,0.968609865470852,0.968739164437825
clean,RC,Ridge Classifier,False,Custom,lemmatizer,0.9820627802690582,0.950958251953125,0.9823807582551977,0.9820627802690582,0.9820782683128048
clean,RC,Ridge Classifier,True,Custom,lemmatizer,0.9730941704035875,1.0708107948303223,0.9740267451178218,0.9730941704035875,0.9731784693045137
clean,RC,Ridge Classifier,False,Spacy,stemmer,0.9775784753363229,2.228855848312378,0.9777870476587757,0.9775784753363229,0.9776354105998835
clean,RC,Ridge Classifier,True,Spacy,stemmer,0.9730941704035875,2.4814741611480713,0.9735262943334692,0.9730941704035875,0.9731695455498204
clean,RC,Ridge Classifier,False,Spacy,lemmatizer,0.9820627802690582,1.0213639736175537,0.9823807582551977,0.9820627802690582,0.9820782683128048
clean,RC,Ridge Classifier,True,Spacy,lemmatizer,0.9730941704035875,1.1475660800933838,0.9740267451178218,0.9730941704035875,0.9731784693045137
clean,RC,Ridge Classifier,False,Builtin,stemmer,0.9775784753363229,2.339930772781372,0.9777870476587757,0.9775784753363229,0.9776354105998835
clean,RC,Ridge Classifier,True,Builtin,stemmer,0.9730941704035875,2.57594895362854,0.9735262943334692,0.9730941704035875,0.9731695455498204
clean,RC,Ridge Classifier,False,Builtin,lemmatizer,0.9820627802690582,1.0180420875549316,0.9823807582551977,0.9820627802690582,0.9820782683128048
clean,RC,Ridge Classifier,True,Builtin,lemmatizer,0.9730941704035875,1.1456120014190674,0.9740267451178218,0.9730941704035875,0.9731784693045137
clean,RC,Ridge Classifier,False,NoStopwords,stemmer,0.9775784753363229,3.213735818862915,0.9780055519965835,0.9775784753363229,0.9776365302347956
clean,RC,Ridge Classifier,True,NoStopwords,stemmer,0.968609865470852,3.3669912815093994,0.9690873219529023,0.968609865470852,0.9686837424829821
clean,RC,Ridge Classifier,False,NoStopwords,lemmatizer,0.9775784753363229,1.3050332069396973,0.978115199904547,0.9775784753363229,0.9776478872008093
clean,RC,Ridge Classifier,True,NoStopwords,lemmatizer,0.968609865470852,1.3579020500183105,0.9693917442796366,0.968609865470852,0.9686386592228036
clean,L-SVM,Linear Support Vector Machine,False,Custom,stemmer,0.9820627802690582,2.279470205307007,0.9823967847904975,0.9820627802690582,0.9819931755982518
clean,L-SVM,Linear Support Vector Machine,True,Custom,stemmer,0.9775784753363229,2.2760682106018066,0.9783856502242153,0.9775784753363229,0.977692505162509
clean,L-SVM,Linear Support Vector Machine,False,Custom,lemmatizer,0.9820627802690582,0.9528441429138184,0.9823807582551977,0.9820627802690582,0.9820782683128048
clean,L-SVM,Linear Support Vector Machine,True,Custom,lemmatizer,0.9730941704035875,0.9300820827484131,0.9740267451178218,0.9730941704035875,0.9731784693045137
clean,L-SVM,Linear Support Vector Machine,False,Spacy,stemmer,0.9820627802690582,2.241063117980957,0.9823807582551977,0.9820627802690582,0.9820782683128048
clean,L-SVM,Linear Support Vector Machine,True,Spacy,stemmer,0.9775784753363229,2.2564849853515625,0.9783856502242153,0.9775784753363229,0.977692505162509
clean,L-SVM,Linear Support Vector Machine,False,Spacy,lemmatizer,0.9820627802690582,1.16131591796875,0.9823807582551977,0.9820627802690582,0.9820782683128048
clean,L-SVM,Linear Support Vector Machine,True,Spacy,lemmatizer,0.9775784753363229,1.1463050842285156,0.9783856502242153,0.9775784753363229,0.977692505162509
clean,L-SVM,Linear Support Vector Machine,False,Builtin,stemmer,0.9820627802690582,2.473947048187256,0.9823967847904975,0.9820627802690582,0.9819931755982518
clean,L-SVM,Linear Support Vector Machine,True,Builtin,stemmer,0.9775784753363229,2.2529518604278564,0.9783856502242153,0.9775784753363229,0.977692505162509
clean,L-SVM,Linear Support Vector Machine,False,Builtin,lemmatizer,0.9820627802690582,1.1255879402160645,0.9823807582551977,0.9820627802690582,0.9820782683128048
clean,L-SVM,Linear Support Vector Machine,True,Builtin,lemmatizer,0.9730941704035875,1.1476221084594727,0.9740267451178218,0.9730941704035875,0.9731784693045137
clean,L-SVM,Linear Support Vector Machine,False,NoStopwords,stemmer,0.9775784753363229,3.363541841506958,0.9782301832269802,0.9775784753363229,0.9775614441987126
clean,L-SVM,Linear Support Vector Machine,True,NoStopwords,stemmer,0.968609865470852,3.127898931503296,0.9693273542600898,0.968609865470852,0.9686128066063221
clean,L-SVM,Linear Support Vector Machine,False,NoStopwords,lemmatizer,0.9730941704035875,1.3523979187011719,0.9740267451178218,0.9730941704035875,0.9731784693045137
clean,L-SVM,Linear Support Vector Machine,True,NoStopwords,lemmatizer,0.968609865470852,1.35538911819458,0.9693917442796366,0.968609865470852,0.9686386592228036
clean,ET,Extra Trees Classifier,False,Custom,stemmer,0.34080717488789236,2.6258902549743652,0.4823995137896484,0.34080717488789236,0.27501343800104533
clean,ET,Extra Trees Classifier,True,Custom,stemmer,0.2600896860986547,2.2476868629455566,0.47103886397608374,0.2600896860986547,0.14553435228775496
clean,ET,Extra Trees Classifier,False,Custom,lemmatizer,0.30493273542600896,0.9045517444610596,0.3249864254711261,0.30493273542600896,0.21005120974159971
clean,ET,Extra Trees Classifier,True,Custom,lemmatizer,0.25112107623318386,0.8413729667663574,0.3333109118086697,0.25112107623318386,0.14254951154170417
clean,ET,Extra Trees Classifier,False,Spacy,stemmer,0.30493273542600896,2.216420888900757,0.36541253962778625,0.30493273542600896,0.22751064084012765
clean,ET,Extra Trees Classifier,True,Spacy,stemmer,0.25112107623318386,2.478860855102539,0.3948056801195815,0.25112107623318386,0.12822658823475722
clean,ET,Extra Trees Classifier,False,Spacy,lemmatizer,0.3632286995515695,1.2187049388885498,0.5026763609022884,0.3632286995515695,0.31844569358741454
clean,ET,Extra Trees Classifier,True,Spacy,lemmatizer,0.24663677130044842,1.0781781673431396,0.316764563464494,0.24663677130044842,0.12492213732957215
clean,ET,Extra Trees Classifier,False,Builtin,stemmer,0.2600896860986547,2.6636908054351807,0.2897225564183893,0.2600896860986547,0.16104589817989975
clean,ET,Extra Trees Classifier,True,Builtin,stemmer,0.25112107623318386,2.447942018508911,0.30554835770790456,0.25112107623318386,0.12705790053761176
clean,ET,Extra Trees Classifier,False,Builtin,lemmatizer,0.3183856502242152,1.1539769172668457,0.6221973094170403,0.3183856502242152,0.2626325165616016
clean,ET,Extra Trees Classifier,True,Builtin,lemmatizer,0.242152466367713,1.0804188251495361,0.34274077426255817,0.242152466367713,0.11209587834939995
clean,ET,Extra Trees Classifier,False,NoStopwords,stemmer,0.3183856502242152,3.563311815261841,0.540708970721783,0.3183856502242152,0.2362945439031113
clean,ET,Extra Trees Classifier,True,NoStopwords,stemmer,0.24663677130044842,3.287919759750366,0.3424887892376682,0.24663677130044842,0.12112232219893034
clean,ET,Extra Trees Classifier,False,NoStopwords,lemmatizer,0.3094170403587444,1.5161769390106201,0.28378507558873284,0.3094170403587444,0.20715754465149072
clean,ET,Extra Trees Classifier,True,NoStopwords,lemmatizer,0.35874439461883406,1.3855688571929932,0.7595226295355351,0.35874439461883406,0.2979631031793219
